{
  "dev": {
    "awscloudformation": {
      "AuthRoleName": "amplify-hairstylepreview-dev-183114-authRole",
      "UnauthRoleArn": "arn:aws:iam::352615534614:role/amplify-hairstylepreview-dev-183114-unauthRole",
      "AuthRoleArn": "arn:aws:iam::352615534614:role/amplify-hairstylepreview-dev-183114-authRole",
      "Region": "ap-northeast-2",
      "DeploymentBucketName": "amplify-hairstylepreview-dev-183114-deployment",
      "UnauthRoleName": "amplify-hairstylepreview-dev-183114-unauthRole",
      "StackName": "amplify-hairstylepreview-dev-183114",
      "StackId": "arn:aws:cloudformation:ap-northeast-2:352615534614:stack/amplify-hairstylepreview-dev-183114/225c5570-b497-11eb-86ae-02301d18328e",
      "AmplifyAppId": "ddy2jrcbpkdkz"
    },
    "categories": {
      "auth": {
        "hairstylepreview1eef85af": {}
      }
    }
  }
}