{
    "UserAgent": "aws-amplify/cli",
    "Version": "0.1.0",
    "IdentityManager": {
        "Default": {}
    },
    "CredentialsProvider": {
        "CognitoIdentity": {
            "Default": {
                "PoolId": "ap-northeast-2:f7c4fea9-d9c1-4165-b159-f3f8353e6ee2",
                "Region": "ap-northeast-2"
            }
        }
    },
    "CognitoUserPool": {
        "Default": {
            "PoolId": "ap-northeast-2_vRzCiWpb9",
            "AppClientId": "55ad0n2q683tu9pf2e9g2tsr79",
            "Region": "ap-northeast-2"
        }
    },
    "Auth": {
        "Default": {
            "authenticationFlowType": "USER_SRP_AUTH"
        }
    },
    "S3TransferUtility": {
        "Default": {
            "Bucket": "hairstylepreview86674eed24ee40bfb4734283e0afc6c183114-dev",
            "Region": "ap-northeast-2"
        }
    }
}