{
    "bucketName": "hairstylepreview86674eed24ee40bfb4734283e0afc6c",
    "authPolicyName": "s3_amplify_8e0095ec",
    "unauthPolicyName": "s3_amplify_8e0095ec",
    "authRoleName": {
        "Ref": "AuthRoleName"
    },
    "unauthRoleName": {
        "Ref": "UnauthRoleName"
    },
    "selectedGuestPermissions": [
        "s3:PutObject",
        "s3:GetObject",
        "s3:ListBucket",
        "s3:DeleteObject"
    ],
    "selectedAuthenticatedPermissions": [
        "s3:PutObject",
        "s3:GetObject",
        "s3:ListBucket",
        "s3:DeleteObject"
    ],
    "s3PermissionsAuthenticatedPublic": "s3:PutObject,s3:GetObject,s3:DeleteObject",
    "s3PublicPolicy": "Public_policy_78471e14",
    "s3PermissionsAuthenticatedUploads": "s3:PutObject",
    "s3UploadsPolicy": "Uploads_policy_78471e14",
    "s3PermissionsAuthenticatedProtected": "s3:PutObject,s3:GetObject,s3:DeleteObject",
    "s3ProtectedPolicy": "Protected_policy_10b3b3b3",
    "s3PermissionsAuthenticatedPrivate": "s3:PutObject,s3:GetObject,s3:DeleteObject",
    "s3PrivatePolicy": "Private_policy_10b3b3b3",
    "AuthenticatedAllowList": "ALLOW",
    "s3ReadPolicy": "read_policy_78471e14",
    "s3PermissionsGuestPublic": "s3:PutObject,s3:GetObject,s3:DeleteObject",
    "s3PermissionsGuestUploads": "s3:PutObject",
    "GuestAllowList": "ALLOW",
    "triggerFunction": "NONE"
}