{
  "providers": {
    "awscloudformation": {
      "AuthRoleName": "amplify-hairstylepreview-dev-183114-authRole",
      "UnauthRoleArn": "arn:aws:iam::352615534614:role/amplify-hairstylepreview-dev-183114-unauthRole",
      "AuthRoleArn": "arn:aws:iam::352615534614:role/amplify-hairstylepreview-dev-183114-authRole",
      "Region": "ap-northeast-2",
      "DeploymentBucketName": "amplify-hairstylepreview-dev-183114-deployment",
      "UnauthRoleName": "amplify-hairstylepreview-dev-183114-unauthRole",
      "StackName": "amplify-hairstylepreview-dev-183114",
      "StackId": "arn:aws:cloudformation:ap-northeast-2:352615534614:stack/amplify-hairstylepreview-dev-183114/225c5570-b497-11eb-86ae-02301d18328e",
      "AmplifyAppId": "ddy2jrcbpkdkz",
      "AuthTriggerTemplateURL": ""
    }
  },
  "auth": {
    "hairstylepreview1eef85af": {
      "service": "Cognito",
      "providerPlugin": "awscloudformation",
      "dependsOn": [],
      "customAuth": false,
      "providerMetadata": {
        "s3TemplateURL": "https://s3.amazonaws.com/amplify-hairstylepreview-dev-183114-deployment/amplify-cfn-templates/auth/hairstylepreview1eef85af-cloudformation-template.yml",
        "logicalId": "authhairstylepreview1eef85af"
      },
      "lastPushTimeStamp": "2021-05-14T10:12:25.937Z",
      "output": {
        "UserPoolId": "ap-northeast-2_vRzCiWpb9",
        "AppClientIDWeb": "4lhtqu4kd83ln0ksn6et5e1nq8",
        "AppClientID": "55ad0n2q683tu9pf2e9g2tsr79",
        "IdentityPoolId": "ap-northeast-2:f7c4fea9-d9c1-4165-b159-f3f8353e6ee2",
        "UserPoolArn": "arn:aws:cognito-idp:ap-northeast-2:352615534614:userpool/ap-northeast-2_vRzCiWpb9",
        "IdentityPoolName": "hairstylepreview1eef85af_identitypool_1eef85af__dev",
        "UserPoolName": "hairstylepreview1eef85af_userpool_1eef85af"
      },
      "lastPushDirHash": "Fg7hV141nYdjI0ZIC7vfb9xWTGw="
    }
  },
  "storage": {
    "s38e0095ec": {
      "service": "S3",
      "providerPlugin": "awscloudformation",
      "providerMetadata": {
        "s3TemplateURL": "https://s3.amazonaws.com/amplify-hairstylepreview-dev-183114-deployment/amplify-cfn-templates/storage/s3-cloudformation-template.json",
        "logicalId": "storages38e0095ec"
      },
      "lastPushTimeStamp": "2021-05-14T10:12:25.937Z",
      "output": {
        "BucketName": "hairstylepreview86674eed24ee40bfb4734283e0afc6c183114-dev",
        "Region": "ap-northeast-2"
      },
      "lastPushDirHash": "Wh4pKcLRAxpEHjEOoFghHx2hMNU="
    }
  }
}